customerID,loanId,appilcationDate,LoanNumber,LoanAmount,InterestRate,TermDays,repaymentDueDate,repaymentPaidDate
839247458,3.02953E+11,21-12-18,1,7500,30,30,20-01-19,16-01-19
217540860,3.0296E+11,23-12-18,1,7500,30,30,22-01-19,29-12-18
522238092,3.03017E+11,08-01-19,1,7500,30,30,07-02-19,08-01-19
96754469,3.03E+11,04-01-19,1,7500,30,30,03-02-19,08-01-19
410354345,3.02952E+11,21-12-18,1,7500,30,30,20-01-19,17-01-19
27610141,3.02956E+11,22-12-18,6,45000,10,90,21-03-19,09-01-19
390748423,3.02942E+11,19-12-18,4,90000,5,180,18-06-19,15-01-19
642947351,3.02946E+11,19-12-18,3,45000,10,90,19-03-19,16-01-19
227382168,3.02953E+11,21-12-18,4,45000,10,90,20-03-19,16-01-19
380684555,3.02998E+11,03-01-19,4,30000,10,90,02-04-19,11-01-19
538656471,3.02906E+11,10-12-18,1,13500,18,45,24-01-19,07-01-19
67501201,3.02956E+11,22-12-18,4,19000,15,60,21-02-19,14-01-19
779403451,3.02942E+11,19-12-18,4,59500,7.5,180,18-06-19,16-01-19
706745423,3.02942E+11,19-12-18,1,32000,7.5,180,18-06-19,04-01-19
175032099,3.02949E+11,20-12-18,1,8000,36,45,03-02-19,23-12-18
756846529,3.02943E+11,19-12-18,7,16000,20,60,18-02-19,21-12-18
910833430,3.02985E+11,31-12-18,1,40500,12,120,30-04-19,04-01-19
789366247,3.02967E+11,25-12-18,7,9500,20,30,24-01-19,30-12-18
946771596,3.02919E+11,12-12-18,1,11000,27,45,26-01-19,15-12-18
363467351,3.02978E+11,28-12-18,1,11000,27,45,11-02-19,08-01-19
380721416,3.02935E+11,17-12-18,2,11000,27,45,31-01-19,06-01-19
476331961,3.02987E+11,31-12-18,1,11000,27,45,14-02-19,10-01-19
98589528,3.02934E+11,16-12-18,1,11000,27,45,31-01-19,19-12-18
63431769,3.02918E+11,12-12-18,1,11000,27,45,26-01-19,28-12-18
21449557,3.02983E+11,30-12-18,1,11000,27,45,13-02-19,07-01-19
826509061,3.02945E+11,19-12-18,1,11000,27,45,02-02-19,09-01-19
153423083,3.03028E+11,10-01-19,1,11000,27,45,24-02-19,10-01-19
369040052,3.02981E+11,29-12-18,1,11000,27,45,12-02-19,10-01-19
301885486,3.02991E+11,01-01-19,2,11000,27,45,15-02-19,04-01-19
134429368,3.02929E+11,15-12-18,1,11000,27,45,29-01-19,03-01-19
704636732,3.02988E+11,31-12-18,1,11000,27,45,14-02-19,10-01-19
695952615,3.02925E+11,14-12-18,1,11000,27,45,28-01-19,16-01-19
769336627,3.02961E+11,24-12-18,1,11000,27,45,07-02-19,15-01-19
635877349,3.02952E+11,21-12-18,1,11000,27,45,04-02-19,14-01-19
931044720,3.0294E+11,18-12-18,1,11000,27,45,01-02-19,14-01-19
22592236,3.02944E+11,19-12-18,1,11000,27,45,02-02-19,24-12-18
40007463,3.02932E+11,16-12-18,1,11000,27,45,30-01-19,22-12-18
162160911,3.02946E+11,20-12-18,1,11000,27,45,03-02-19,02-01-19
940783684,3.02931E+11,15-12-18,1,11000,27,45,29-01-19,12-01-19
937397087,3.02921E+11,13-12-18,1,11000,27,45,27-01-19,16-01-19
545358839,3.02985E+11,31-12-18,1,11000,27,45,14-02-19,11-01-19
812336627,3.02944E+11,19-12-18,1,11000,27,45,02-02-19,24-12-18
461816834,3.02958E+11,22-12-18,1,11000,27,45,05-02-19,13-01-19
759510502,3.02968E+11,26-12-18,1,11000,27,45,09-02-19,14-01-19
156649529,3.02918E+11,12-12-18,1,11000,27,45,26-01-19,17-01-19
226927764,3.02941E+11,18-12-18,1,15000,18,45,01-02-19,15-01-19
60618946,3.02966E+11,25-12-18,1,15000,18,45,08-02-19,04-01-19
108707573,3.02958E+11,23-12-18,1,15000,18,45,06-02-19,05-01-19
730490580,3.02955E+11,22-12-18,1,15000,18,45,05-02-19,23-12-18
733776995,3.02944E+11,19-12-18,2,18500,20,60,18-02-19,16-01-19
72761825,3.0298E+11,29-12-18,3,12500,20,30,28-01-19,17-01-19
794766162,3.03004E+11,04-01-19,3,12500,20,30,03-02-19,15-01-19
193319710,3.02954E+11,21-12-18,6,12500,20,30,20-01-19,24-12-18
307819843,3.02948E+11,20-12-18,3,12500,20,30,19-01-19,17-01-19
200263974,3.02975E+11,28-12-18,3,12500,20,30,27-01-19,09-01-19
569563950,3.02973E+11,27-12-18,3,12500,20,30,26-01-19,10-01-19
186677489,3.02946E+11,20-12-18,2,12500,20,30,19-01-19,16-01-19
403325960,3.02996E+11,03-01-19,3,12500,20,30,02-02-19,07-01-19
290362283,3.02942E+11,19-12-18,2,12500,20,30,18-01-19,21-12-18
423423880,3.02962E+11,24-12-18,7,20000,10,90,23-03-19,11-01-19
295216252,3.02984E+11,30-12-18,1,40500,12,120,30-04-19,04-01-19
188795955,3.02946E+11,20-12-18,2,30000,12.5,60,19-02-19,09-01-19
727837791,3.03024E+11,09-01-19,1,4000,30,30,08-02-19,11-01-19
145235052,3.03012E+11,06-01-19,4,8000,30,30,05-02-19,10-01-19
649576465,3.02966E+11,25-12-18,3,20000,20,60,24-02-19,08-01-19
957474880,3.02942E+11,19-12-18,3,20000,20,60,18-02-19,15-01-19
537580961,3.02956E+11,22-12-18,8,20000,20,60,21-02-19,17-01-19
119364125,3.02945E+11,19-12-18,2,20000,20,60,18-02-19,24-12-18
318590971,3.02972E+11,27-12-18,2,20000,20,60,26-02-19,15-01-19
263540349,3.02947E+11,20-12-18,2,20000,20,60,19-02-19,11-01-19
906107584,3.0296E+11,23-12-18,2,20000,20,60,22-02-19,14-01-19
867496972,3.03017E+11,08-01-19,2,20000,20,60,07-03-19,15-01-19
455212344,3.02961E+11,24-12-18,2,20000,20,60,23-02-19,28-12-18
958579308,3.03005E+11,04-01-19,2,20000,20,60,03-03-19,15-01-19
281227350,3.02945E+11,19-12-18,3,20000,20,60,18-02-19,15-01-19
84724483,3.03005E+11,05-01-19,2,20000,20,60,04-03-19,14-01-19
642676140,3.02919E+11,12-12-18,1,7000,27,45,26-01-19,24-12-18
214370444,3.02916E+11,12-12-18,1,7000,27,45,26-01-19,23-12-18
346380366,3.0293E+11,15-12-18,1,7000,27,45,29-01-19,17-01-19
835006351,3.0292E+11,13-12-18,1,7000,27,45,27-01-19,13-01-19
352015539,3.02964E+11,24-12-18,1,7000,27,45,07-02-19,15-01-19
909250151,3.03043E+11,15-01-19,3,5000,30,30,14-02-19,17-01-19
251292580,3.03027E+11,10-01-19,1,5000,30,30,09-02-19,13-01-19
70384745,3.02967E+11,25-12-18,1,10000,30,30,24-01-19,05-01-19
18430169,3.02965E+11,25-12-18,4,20000,15,60,24-02-19,11-01-19
417120772,3.02945E+11,19-12-18,18,30000,10,90,18-03-19,17-01-19
916630700,3.02955E+11,22-12-18,1,10000,30,30,21-01-19,06-01-19
640388539,3.02954E+11,21-12-18,1,10000,30,30,20-01-19,27-12-18
926353051,3.02986E+11,31-12-18,1,10000,30,30,30-01-19,12-01-19
779437911,3.02948E+11,20-12-18,1,10000,30,30,19-01-19,13-01-19
584254634,3.02999E+11,03-01-19,1,10000,30,30,02-02-19,11-01-19
561577441,3.02964E+11,24-12-18,1,10000,30,30,23-01-19,15-01-19
290120121,3.02942E+11,19-12-18,1,10000,30,30,18-01-19,15-01-19
677671086,3.02957E+11,22-12-18,3,10000,30,30,21-01-19,05-01-19
131274940,3.02945E+11,19-12-18,2,10000,30,30,18-01-19,09-01-19
254782785,3.03013E+11,07-01-19,2,10000,30,30,06-02-19,14-01-19
319084996,3.02959E+11,23-12-18,3,20000,15,60,22-02-19,16-01-19
422110109,3.02951E+11,21-12-18,2,10000,30,30,20-01-19,07-01-19
321548764,3.02972E+11,27-12-18,2,10000,30,30,26-01-19,04-01-19
625388830,3.02992E+11,02-01-19,2,10000,30,30,01-02-19,16-01-19
344366145,3.02944E+11,19-12-18,1,10000,30,30,18-01-19,24-12-18
50592939,3.02951E+11,21-12-18,2,10000,30,30,20-01-19,30-12-18
81878017,3.02972E+11,27-12-18,1,10000,30,30,26-01-19,14-01-19
354429842,3.02951E+11,21-12-18,1,10000,30,30,20-01-19,13-01-19
648942156,3.02944E+11,19-12-18,1,10000,30,30,18-01-19,15-01-19
806081871,3.0297E+11,27-12-18,7,10000,30,30,26-01-19,03-01-19
661195670,3.02994E+11,02-01-19,3,20000,15,60,01-03-19,16-01-19
166058507,3.02913E+11,11-12-18,1,10000,19.8,45,25-01-19,12-12-18
776397123,3.02963E+11,24-12-18,3,12000,20,60,23-02-19,26-12-18
811563814,3.0298E+11,29-12-18,5,7000,20,30,28-01-19,29-12-18
995292034,3.02966E+11,25-12-18,7,7000,20,30,24-01-19,02-01-19
496961867,3.02967E+11,25-12-18,6,7000,20,30,24-01-19,14-01-19
391695557,3.03039E+11,13-01-19,6,7000,20,30,12-02-19,14-01-19
401635385,3.02976E+11,28-12-18,7,7000,20,30,27-01-19,15-01-19
990270292,3.02981E+11,29-12-18,3,7000,20,30,28-01-19,04-01-19
854297585,3.02971E+11,27-12-18,6,30000,7.5,90,26-03-19,15-01-19
147167048,3.03012E+11,07-01-19,3,30000,12.5,60,06-03-19,12-01-19
949432867,3.02955E+11,22-12-18,24,83000,10,60,21-02-19,15-01-19
332107062,3.03008E+11,05-01-19,3,10000,20,30,04-02-19,14-01-19
547605847,3.02971E+11,27-12-18,2,10000,20,30,26-01-19,28-12-18
701138556,3.02952E+11,21-12-18,3,10000,20,30,20-01-19,27-12-18
747647878,3.02966E+11,25-12-18,3,10000,20,30,24-01-19,31-12-18
97535574,3.03022E+11,09-01-19,5,40000,10,60,08-03-19,17-01-19
181540554,3.02998E+11,03-01-19,5,3500,15,15,18-01-19,15-01-19
576922217,3.02998E+11,03-01-19,1,7000,15,15,18-01-19,11-01-19
861534190,3.02987E+11,31-12-18,13,7000,15,30,30-01-19,17-01-19
227290357,3.03002E+11,04-01-19,1,7000,15,15,19-01-19,09-01-19
133444346,3.03022E+11,09-01-19,4,7000,15,15,24-01-19,11-01-19
668930493,3.02963E+11,24-12-18,6,14000,15,30,23-01-19,24-12-18
460287568,3.02948E+11,20-12-18,1,10000,20.1,30,19-01-19,17-01-19
672209505,3.02995E+11,03-01-19,3,10000,15,15,18-01-19,11-01-19
715171135,3.02999E+11,03-01-19,2,10000,15,15,18-01-19,17-01-19
688797331,3.02952E+11,21-12-18,7,26500,10,90,20-03-19,13-01-19
484774356,3.02943E+11,19-12-18,3,10000,15,30,18-01-19,26-12-18
720838133,3.03004E+11,04-01-19,1,10000,15,15,19-01-19,14-01-19
595528374,3.03037E+11,13-01-19,1,10000,15,15,28-01-19,17-01-19
793634840,3.03001E+11,04-01-19,12,10000,15,15,19-01-19,06-01-19
82245705,3.02971E+11,27-12-18,7,10000,15,30,26-01-19,11-01-19
161632181,3.02998E+11,03-01-19,4,10000,15,15,18-01-19,06-01-19
22717537,3.02986E+11,31-12-18,8,10000,15,30,30-01-19,01-01-19
19523239,3.03001E+11,04-01-19,1,10000,15,15,19-01-19,17-01-19
822390534,3.03019E+11,08-01-19,1,10000,15,15,23-01-19,16-01-19
883996485,3.03032E+11,11-01-19,1,3000,30,30,10-02-19,15-01-19
970677277,3.03042E+11,14-01-19,1,3000,30,30,13-02-19,16-01-19
378980845,3.03042E+11,14-01-19,1,3000,30,30,13-02-19,15-01-19
417069224,3.03036E+11,13-01-19,1,3000,30,30,12-02-19,15-01-19
434522807,3.03021E+11,09-01-19,1,3000,30,30,08-02-19,11-01-19
296350216,3.03014E+11,07-01-19,1,3000,30,30,06-02-19,11-01-19
408359459,3.03004E+11,04-01-19,7,24000,15,60,03-03-19,11-01-19
134255479,3.03004E+11,04-01-19,1,12000,15,60,03-03-19,08-01-19
677904715,3.02957E+11,22-12-18,6,13000,20,30,21-01-19,26-12-18
768252741,3.02989E+11,01-01-19,5,13000,20,30,31-01-19,10-01-19
407771100,3.02958E+11,23-12-18,20,48000,15,60,22-02-19,15-01-19
645717943,3.02951E+11,21-12-18,3,15000,20,60,20-02-19,16-01-19
605986758,3.03017E+11,08-01-19,3,44500,5,180,07-07-19,11-01-19
14359574,3.02942E+11,19-12-18,3,16000,12.5,60,18-02-19,17-01-19
27395171,PP2946169406,20-12-18,1,50000,6,90,19-03-19,25-12-18
659614068,3.02952E+11,21-12-18,5,49500,7.5,180,20-06-19,05-01-19
130582517,3.02974E+11,28-12-18,5,20000,12.5,90,27-03-19,29-12-18
163381010,3.02992E+11,02-01-19,4,32000,12.5,60,01-03-19,04-01-19
223606592,3.03007E+11,05-01-19,6,34500,12.5,90,04-04-19,11-01-19
525678519,3.03051E+11,16-01-19,2,5000,36,45,02-03-19,16-01-19
306448020,3.02949E+11,20-12-18,1,10000,36,45,03-02-19,24-12-18
338743564,3.02986E+11,31-12-18,1,10000,36,45,14-02-19,05-01-19
877725281,3.02986E+11,31-12-18,1,10000,36,45,14-02-19,16-01-19
974145900,3.02933E+11,16-12-18,1,10000,36,45,30-01-19,24-12-18
703939569,3.02956E+11,22-12-18,1,10000,36,45,05-02-19,07-01-19
106231838,3.02929E+11,15-12-18,1,10000,36,45,29-01-19,20-12-18
482349166,3.02945E+11,19-12-18,1,10000,36,45,02-02-19,11-01-19
831501996,3.02928E+11,14-12-18,1,10000,36,45,28-01-19,14-01-19
173242934,3.02957E+11,22-12-18,1,10000,36,45,05-02-19,17-01-19
485631936,3.03034E+11,12-01-19,1,10000,36,45,26-02-19,16-01-19
414875904,3.02985E+11,31-12-18,1,10000,36,45,14-02-19,03-01-19
922297391,3.03028E+11,10-01-19,1,10000,36,45,24-02-19,11-01-19
865199829,3.02926E+11,14-12-18,1,10000,36,45,28-01-19,28-12-18
41278018,3.02952E+11,21-12-18,1,10000,36,45,04-02-19,28-12-18
312081117,3.02966E+11,25-12-18,1,10000,36,45,08-02-19,28-12-18
856309722,3.02918E+11,12-12-18,1,10000,36,45,26-01-19,03-01-19
289931975,3.02927E+11,14-12-18,1,10000,36,45,28-01-19,10-01-19
20230294,3.02922E+11,13-12-18,1,10000,36,45,27-01-19,08-01-19
68717588,3.02962E+11,24-12-18,12,7500,20,30,23-01-19,16-01-19
741491337,3.02956E+11,22-12-18,5,33000,12.5,90,21-03-19,12-01-19
61340158,3.02963E+11,24-12-18,2,30000,10,60,23-02-19,08-01-19
630284783,3.02972E+11,27-12-18,4,30000,10,60,26-02-19,08-01-19
980496924,3.0296E+11,23-12-18,4,30000,10,60,22-02-19,02-01-19
679771050,3.02991E+11,01-01-19,3,30000,10,60,28-02-19,17-01-19
811187399,3.03025E+11,10-01-19,2,30000,10,60,09-03-19,12-01-19
336652624,3.02995E+11,02-01-19,5,17000,15,60,02-03-19,05-01-19
509179217,PP2974226046,28-12-18,2,25500,6,90,27-03-19,06-01-19
649648748,3.02941E+11,18-12-18,1,7000,36,45,01-02-19,18-12-18
616511010,3.02948E+11,20-12-18,3,10500,20,30,19-01-19,15-01-19
737467943,3.0295E+11,21-12-18,1,30000,12,120,20-04-19,15-01-19
328354884,3.03002E+11,04-01-19,1,11000,15,15,19-01-19,16-01-19
198578303,3.02965E+11,25-12-18,3,25000,15,60,24-02-19,07-01-19
215022887,3.02943E+11,19-12-18,3,25000,15,60,18-02-19,15-01-19
177536254,3.0296E+11,23-12-18,3,25000,15,60,22-02-19,31-12-18
598198156,3.0299E+11,01-01-19,3,25000,15,60,28-02-19,05-01-19
936409283,3.02985E+11,31-12-18,4,25000,15,60,28-02-19,11-01-19
543523984,3.02967E+11,25-12-18,3,25000,15,60,24-02-19,08-01-19
261685411,3.02956E+11,22-12-18,5,150000,5,180,21-06-19,16-01-19
906599572,3.02942E+11,19-12-18,10,100000,5,180,18-06-19,10-01-19
530073424,3.02963E+11,24-12-18,3,7000,12.5,30,23-01-19,29-12-18
295549944,3.0295E+11,20-12-18,1,7000,30,30,19-01-19,29-12-18
758557738,3.02964E+11,24-12-18,4,56000,5,180,23-06-19,10-01-19
800489714,3.02962E+11,24-12-18,4,45000,10,90,23-03-19,16-01-19
184038584,3.0291E+11,11-12-18,1,10000,27,45,25-01-19,12-12-18
34723065,3.02943E+11,19-12-18,1,10000,27,45,02-02-19,20-12-18
891480762,3.02965E+11,25-12-18,1,10000,27,45,08-02-19,15-01-19
453703877,3.02906E+11,10-12-18,1,10000,27,45,24-01-19,14-12-18
132358584,3.02908E+11,10-12-18,1,10000,27,45,24-01-19,14-01-19
36932800,3.02972E+11,27-12-18,1,10000,27,45,10-02-19,13-01-19
19635549,3.02918E+11,12-12-18,1,10000,27,45,26-01-19,03-01-19
368195153,3.02914E+11,11-12-18,1,10000,27,45,25-01-19,18-12-18
602866956,3.02905E+11,10-12-18,1,10000,27,45,24-01-19,05-01-19
388018898,3.02965E+11,25-12-18,1,10000,27,45,08-02-19,30-12-18
224537432,3.02966E+11,25-12-18,14,61000,7.5,180,24-06-19,09-01-19
208599886,3.02981E+11,29-12-18,11,29000,20,60,28-02-19,09-01-19
779876788,3.02942E+11,19-12-18,11,18000,15,60,18-02-19,28-12-18
950972965,3.02982E+11,30-12-18,4,30000,12.5,90,29-03-19,17-01-19
205562758,3.02963E+11,24-12-18,2,30000,12.5,90,23-03-19,11-01-19
507499474,3.02943E+11,19-12-18,4,22000,12.5,60,18-02-19,17-01-19
398912118,3.02986E+11,31-12-18,4,30000,12.5,90,30-03-19,09-01-19
299340420,3.0297E+11,26-12-18,4,22000,15,60,25-02-19,15-01-19
384319885,3.02913E+11,11-12-18,1,9000,36,45,25-01-19,26-12-18
480020599,3.02914E+11,11-12-18,1,9000,36,45,25-01-19,10-01-19
809955622,3.02915E+11,12-12-18,1,9000,36,45,26-01-19,09-01-19
82418937,3.02983E+11,30-12-18,1,40000,12,120,29-04-19,17-01-19
862529106,3.03042E+11,14-01-19,3,18000,36,45,28-02-19,15-01-19
116521381,3.03032E+11,11-01-19,2,18000,36,45,25-02-19,16-01-19
804242944,3.02945E+11,19-12-18,5,8500,20,30,18-01-19,02-01-19
674284310,3.02949E+11,20-12-18,1,30000,9,120,19-04-19,23-12-18
407415399,3.02986E+11,31-12-18,26,34000,10,60,28-02-19,12-01-19
105408921,3.02953E+11,21-12-18,4,60000,7.5,90,20-03-19,17-01-19
478116134,3.02987E+11,31-12-18,6,66000,5,180,30-06-19,03-01-19
844074311,3.02949E+11,20-12-18,8,22000,15,60,19-02-19,16-01-19
150910550,3.02955E+11,22-12-18,2,22000,15,60,21-02-19,03-01-19
218427265,3.02948E+11,20-12-18,2,22000,15,60,19-02-19,15-01-19
910404278,3.02972E+11,27-12-18,3,22000,15,60,26-02-19,13-01-19
863358949,3.02947E+11,20-12-18,2,22000,15,60,19-02-19,22-12-18
350140551,3.02972E+11,27-12-18,2,22000,15,60,26-02-19,17-01-19
690719300,3.02963E+11,24-12-18,2,22000,15,60,23-02-19,11-01-19
379664155,3.0299E+11,01-01-19,2,22000,15,60,28-02-19,17-01-19
766720830,3.02982E+11,30-12-18,2,22000,15,60,28-02-19,14-01-19
949476279,3.02971E+11,27-12-18,2,22000,15,60,26-02-19,28-12-18
261127873,3.03053E+11,16-01-19,3,1500,15,15,31-01-19,16-01-19
668537292,3.03052E+11,16-01-19,1,1500,15,15,31-01-19,17-01-19
205732484,3.03052E+11,16-01-19,3,1500,15,15,31-01-19,16-01-19
398915765,3.03033E+11,12-01-19,1,3000,15,15,27-01-19,12-01-19
119992550,3.03049E+11,15-01-19,2,3000,15,15,30-01-19,17-01-19
540480049,3.03042E+11,14-01-19,2,3000,15,15,29-01-19,15-01-19
93302124,3.03052E+11,16-01-19,2,3000,15,15,31-01-19,17-01-19
639945193,3.0305E+11,15-01-19,2,3000,15,15,30-01-19,16-01-19
251240059,3.03017E+11,08-01-19,1,3000,15,15,23-01-19,13-01-19
347322052,3.03025E+11,10-01-19,1,3000,15,15,25-01-19,10-01-19
299189128,3.03028E+11,10-01-19,1,3000,15,15,25-01-19,14-01-19
806049100,3.03041E+11,14-01-19,2,3000,15,15,29-01-19,16-01-19
28172409,3.03043E+11,14-01-19,2,3000,15,15,30-01-19,16-01-19
848058684,3.03045E+11,15-01-19,2,3000,15,15,30-01-19,17-01-19
330339394,3.02999E+11,04-01-19,5,12000,15,30,03-02-19,11-01-19
756434895,3.0305E+11,15-01-19,1,2000,15,15,30-01-19,17-01-19
887089982,3.03019E+11,08-01-19,1,4000,15,15,23-01-19,16-01-19
89568666,3.03029E+11,11-01-19,7,4000,15,15,26-01-19,12-01-19
839538130,3.03004E+11,04-01-19,6,4000,15,15,19-01-19,16-01-19
831244758,3.02967E+11,25-12-18,3,16000,15,30,24-01-19,17-01-19
883846343,3.02966E+11,25-12-18,17,10000,12.5,30,24-01-19,25-12-18
986396048,3.03047E+11,15-01-19,9,10000,12.5,30,14-02-19,15-01-19
159789592,3.0297E+11,26-12-18,2,20000,12.5,30,25-01-19,04-01-19
87890191,3.0296E+11,23-12-18,1,10000,12.6,30,22-01-19,23-12-18
994299516,3.02952E+11,21-12-18,2,144000,7.5,180,20-06-19,14-01-19
597962950,3.02989E+11,01-01-19,4,48000,7.5,180,30-06-19,14-01-19
506446040,3.03007E+11,05-01-19,5,28500,12.5,60,04-03-19,09-01-19
462977643,3.02955E+11,22-12-18,4,30000,12.5,90,21-03-19,26-12-18
219872482,3.02948E+11,20-12-18,1,18500,20.1,60,19-02-19,16-01-19
252182066,3.02986E+11,31-12-18,1,18500,20.1,60,28-02-19,17-01-19
734843109,3.03006E+11,05-01-19,1,21000,9.9,90,04-04-19,09-01-19
499502826,3.02966E+11,25-12-18,5,14500,12.5,60,24-02-19,29-12-18
651826372,3.0297E+11,26-12-18,4,34500,12.5,90,25-03-19,27-12-18
576015623,3.02959E+11,23-12-18,4,37500,12.5,90,22-03-19,15-01-19
274516838,3.02983E+11,30-12-18,6,37500,12.5,90,29-03-19,04-01-19
720183453,3.02963E+11,24-12-18,8,59000,12.5,90,23-03-19,08-01-19
776776360,PP2951155075,21-12-18,6,62500,6,90,20-03-19,08-01-19
214980746,3.02949E+11,20-12-18,3,20500,15,60,19-02-19,12-01-19
668181902,3.02947E+11,20-12-18,2,23000,12.5,60,19-02-19,31-12-18
791833451,3.03001E+11,04-01-19,2,23000,12.5,60,03-03-19,04-01-19
580559296,3.02944E+11,19-12-18,2,23000,12.5,60,18-02-19,16-01-19
996484488,3.02944E+11,19-12-18,2,23000,12.5,60,18-02-19,04-01-19
503933726,3.02949E+11,20-12-18,2,23000,12.5,60,19-02-19,11-01-19
656701354,3.02962E+11,24-12-18,7,36000,12.5,90,23-03-19,28-12-18
270655037,3.02942E+11,19-12-18,4,45000,7.5,180,18-06-19,14-01-19
975693274,3.02991E+11,02-01-19,1,40500,12,120,02-05-19,03-01-19
53069742,3.03021E+11,09-01-19,1,40500,12,120,08-05-19,09-01-19
398717226,3.03E+11,04-01-19,1,40500,12,120,03-05-19,04-01-19
888520010,3.02959E+11,23-12-18,2,30000,12.5,60,22-02-19,11-01-19
210293202,3.02989E+11,01-01-19,5,30000,12.5,60,28-02-19,11-01-19
234846952,3.02953E+11,21-12-18,2,22000,7.5,90,20-03-19,27-12-18
560137064,3.02963E+11,24-12-18,8,9500,15,30,23-01-19,16-01-19
491729006,3.02998E+11,03-01-19,7,9500,15,30,02-02-19,15-01-19
833657567,3.02979E+11,29-12-18,2,25000,15,60,28-02-19,29-12-18
230082370,3.02946E+11,20-12-18,12,14500,15,60,19-02-19,16-01-19
999996261,3.0298E+11,29-12-18,3,14500,15,60,28-02-19,11-01-19
248270781,3.02967E+11,25-12-18,4,14500,15,60,24-02-19,16-01-19
587751420,3.02956E+11,22-12-18,2,14500,15,60,21-02-19,04-01-19
650949033,3.02962E+11,24-12-18,1,7000,20.1,30,23-01-19,10-01-19
583762681,3.02951E+11,21-12-18,2,7000,20.1,30,20-01-19,30-12-18
247393684,3.02947E+11,20-12-18,1,7000,20.1,30,19-01-19,27-12-18
776053836,3.03017E+11,08-01-19,2,15000,12.6,30,07-02-19,10-01-19
349765210,3.02974E+11,27-12-18,1,15000,12.6,30,26-01-19,10-01-19
634314287,3.02958E+11,23-12-18,2,15000,12.6,30,22-01-19,11-01-19
597962950,3.02954E+11,21-12-18,3,22000,12.5,90,20-03-19,01-01-19
97406230,3.0302E+11,08-01-19,4,45000,10,90,07-04-19,10-01-19
880573892,3.02942E+11,19-12-18,4,45000,10,90,18-03-19,16-01-19
580159581,3.03034E+11,12-01-19,2,10500,15,15,27-01-19,12-01-19
132915741,3.02943E+11,19-12-18,6,39500,10,90,18-03-19,07-01-19
965021101,3.0296E+11,23-12-18,1,11000,20.1,30,22-01-19,29-12-18
640671445,3.02993E+11,02-01-19,1,11000,20.1,30,01-02-19,17-01-19
940922740,3.02967E+11,25-12-18,1,11000,20.1,30,24-01-19,04-01-19
643625688,3.02955E+11,22-12-18,1,11000,20.1,30,21-01-19,10-01-19
518534979,3.0298E+11,29-12-18,1,11000,20.1,30,28-01-19,11-01-19
765326290,3.03003E+11,04-01-19,1,11000,20.1,30,03-02-19,08-01-19
810850343,3.03008E+11,05-01-19,1,11000,20.1,30,04-02-19,16-01-19
380878564,3.02971E+11,27-12-18,1,11000,20.1,30,26-01-19,15-01-19
712195266,3.02968E+11,26-12-18,3,11000,20.1,30,25-01-19,16-01-19
667955858,3.02955E+11,22-12-18,1,11000,20.1,30,21-01-19,02-01-19
259405196,3.02956E+11,22-12-18,1,11000,20.1,30,21-01-19,11-01-19
864875725,3.0302E+11,08-01-19,1,11000,20.1,30,07-02-19,15-01-19
518233685,3.02944E+11,19-12-18,1,11000,20.1,30,18-01-19,15-01-19
501677576,3.02952E+11,21-12-18,1,11000,20.1,30,20-01-19,12-01-19
967514375,3.02996E+11,03-01-19,1,11000,20.1,30,02-02-19,13-01-19
347033535,3.02942E+11,19-12-18,1,11500,15,30,18-01-19,03-01-19
268766947,3.02975E+11,28-12-18,2,11500,15,30,27-01-19,07-01-19
983881420,3.02962E+11,24-12-18,3,15000,15,30,23-01-19,09-01-19
585350885,3.03033E+11,12-01-19,2,15000,15,15,27-01-19,16-01-19
740686093,3.02943E+11,19-12-18,2,15000,15,30,18-01-19,29-12-18
11779914,3.02957E+11,22-12-18,2,15000,15,30,21-01-19,27-12-18
563269462,3.02962E+11,24-12-18,1,17000,12.6,90,23-03-19,24-12-18
658651954,3.02955E+11,22-12-18,11,57000,7.5,180,21-06-19,07-01-19
577187026,3.02948E+11,20-12-18,1,11500,19.8,45,03-02-19,03-01-19
79924774,3.02946E+11,20-12-18,1,11500,19.8,45,03-02-19,20-12-18
204567625,3.02971E+11,27-12-18,1,11500,19.8,45,10-02-19,10-01-19
933269719,3.02941E+11,18-12-18,1,11500,19.8,45,01-02-19,29-12-18
840847984,3.02957E+11,22-12-18,2,11500,19.8,45,05-02-19,31-12-18
81767649,3.02948E+11,20-12-18,14,27500,12.5,90,19-03-19,02-01-19
967249899,3.02982E+11,30-12-18,8,18500,7.5,90,29-03-19,09-01-19
583646050,3.02983E+11,30-12-18,4,45000,7.5,90,29-03-19,04-01-19
826732708,3.02944E+11,19-12-18,4,34500,12.5,90,18-03-19,15-01-19
639034923,3.02967E+11,25-12-18,3,34500,12.5,90,24-03-19,06-01-19
231927458,3.02945E+11,19-12-18,4,34500,12.5,90,18-03-19,17-01-19
701485745,3.02984E+11,30-12-18,3,34500,12.5,90,29-03-19,06-01-19
880859347,3.02994E+11,02-01-19,3,34500,12.5,90,01-04-19,14-01-19
204891012,3.03007E+11,05-01-19,2,47500,10,90,04-04-19,14-01-19
268445287,3.02959E+11,23-12-18,1,31000,20.1,60,22-02-19,05-01-19
548574074,3.02949E+11,20-12-18,7,124500,5,180,19-06-19,07-01-19
11118287,3.02956E+11,22-12-18,5,64500,7.5,180,21-06-19,14-01-19
458715758,3.02977E+11,28-12-18,6,86000,7.5,180,27-06-19,08-01-19
198880903,3.02976E+11,28-12-18,2,15000,12.5,30,27-01-19,10-01-19
857418465,3.02943E+11,19-12-18,1,103000,12,120,18-04-19,17-01-19
654661034,3.02979E+11,29-12-18,2,28500,7.5,90,28-03-19,15-01-19
770218664,3.02964E+11,24-12-18,6,30000,7.5,90,23-03-19,30-12-18
22877136,3.02961E+11,24-12-18,4,60000,7.5,90,23-03-19,04-01-19
516140389,3.03034E+11,12-01-19,2,20500,19.8,45,26-02-19,12-01-19
466905951,3.02961E+11,24-12-18,9,46500,7.5,90,23-03-19,29-12-18
290597996,3.02953E+11,21-12-18,8,150000,7.5,180,20-06-19,11-01-19
906302363,3.02981E+11,30-12-18,3,37500,12.5,90,29-03-19,07-01-19
597208053,3.02949E+11,20-12-18,4,37500,12.5,90,19-03-19,13-01-19
391701399,3.02965E+11,25-12-18,3,37500,12.5,90,24-03-19,03-01-19
802930691,3.0296E+11,23-12-18,4,49500,7.5,180,22-06-19,09-01-19
163360499,3.02943E+11,19-12-18,4,166000,5,180,18-06-19,16-01-19
455226081,3.02992E+11,02-01-19,10,100000,5,180,01-07-19,14-01-19
260815447,3.03018E+11,08-01-19,8,100000,5,180,07-07-19,11-01-19
501074525,3.02953E+11,21-12-18,6,100000,5,180,20-06-19,17-01-19
236783014,3.02943E+11,19-12-18,10,100000,5,180,18-06-19,13-01-19
506672730,3.02961E+11,24-12-18,6,88000,5,180,23-06-19,15-01-19
357194863,3.02974E+11,28-12-18,7,44500,7.5,180,27-06-19,15-01-19
906518727,3.02961E+11,24-12-18,4,52000,7.5,180,23-06-19,16-01-19
160148592,3.02943E+11,19-12-18,3,32000,12.5,90,18-03-19,17-01-19
22149753,3.02942E+11,19-12-18,4,40000,7.5,180,18-06-19,12-01-19
837615193,3.02952E+11,21-12-18,5,59500,7.5,180,20-06-19,16-01-19
240507310,3.02962E+11,24-12-18,5,59500,7.5,180,23-06-19,13-01-19
834167819,3.0295E+11,20-12-18,4,30500,12.5,90,19-03-19,15-01-19
734399021,3.02943E+11,19-12-18,3,23000,12.5,90,18-03-19,24-12-18
996002932,3.02945E+11,19-12-18,6,23000,12.5,90,18-03-19,16-01-19
827060264,3.02962E+11,24-12-18,4,61000,7.5,180,23-06-19,13-01-19
727513695,3.02972E+11,27-12-18,4,17000,12.5,90,26-03-19,12-01-19
823297150,3.02942E+11,19-12-18,5,75500,5,180,18-06-19,17-01-19
170457915,3.02942E+11,19-12-18,4,39500,7.5,180,18-06-19,17-01-19
557689750,3.02977E+11,28-12-18,11,39500,7.5,180,27-06-19,06-01-19
192286872,3.02943E+11,19-12-18,9,98000,5,180,18-06-19,20-12-18
43078370,3.02956E+11,22-12-18,6,77000,5,180,21-06-19,22-12-18
300621795,3.02964E+11,24-12-18,5,83000,5,180,23-06-19,05-01-19
241632839,3.02952E+11,21-12-18,1,81500,7.5,180,20-06-19,11-01-19
846121332,3.02993E+11,02-01-19,7,100000,10,90,01-04-19,05-01-19
659633916,3.03004E+11,04-01-19,7,100000,5,180,03-07-19,16-01-19
GH96550430,100017786,08-02-18,5,80,15,15,23-02-18,23-02-18
GH37504396,100012838,14-01-18,1,80,15,15,29-01-18,29-01-18
GH54723054,100016807,02-02-18,2,80,15,15,19-02-18,16-02-18
GH47548807,100018275,11-02-18,2,80,15,15,26-02-18,28-02-18
GH84759681,100015781,27-01-18,2,80,15,15,12-02-18,12-02-18
GH35460722,100016172,30-01-18,5,80,15,15,14-02-18,01-03-18
GH04894087,100011235,08-01-18,2,80,15,15,23-01-18,22-01-18
GH42405922,100019919,20-02-18,5,80,15,15,07-03-18,04-03-18
GH62638354,100018341,12-02-18,5,80,15,15,27-02-18,26-02-18
GH27599183,100014393,20-01-18,1,80,15,15,05-02-18,05-02-18
GH00205281,100012492,13-01-18,1,80,15,15,29-01-18,29-01-18
GH94877744,100014182,19-01-18,2,80,15,15,05-02-18,29-01-18
GH77744340,100018807,14-02-18,2,80,15,15,01-03-18,01-03-18
GH27237979,100019864,20-02-18,4,80,15,15,07-03-18,03-03-18
GH14093998,100011729,10-01-18,1,80,15,15,25-01-18,23-01-18
GH00808874,100010319,01-01-18,2,80,15,15,16-01-18,15-01-18
GH11632090,100016184,30-01-18,3,80,15,15,14-02-18,15-02-18
GH56785851,100011067,06-01-18,3,80,15,15,22-01-18,22-01-18
GH85390929,100015715,27-01-18,2,80,15,15,12-02-18,16-02-18
GH29089809,100010564,03-01-18,3,80,15,15,18-01-18,11-01-18
GH07189378,100016700,02-02-18,1,80,15,15,19-02-18,09-02-18
GH62107518,100016384,31-01-18,1,80,15,15,15-02-18,15-02-18
GH72937410,100013596,16-01-18,1,80,15,15,31-01-18,30-01-18
GH04123177,100018999,15-02-18,4,80,15,15,02-03-18,01-03-18
GH77735356,100019922,20-02-18,2,80,15,15,07-03-18,05-03-18
GH94880102,100011731,10-01-18,1,80,15,15,25-01-18,26-01-18
GH16140997,100017184,05-02-18,5,80,15,15,20-02-18,19-02-18
GH06832511,100014400,20-01-18,1,80,15,15,05-02-18,14-02-18
GH79975596,100011450,09-01-18,1,80,15,15,24-01-18,18-01-18
GH91866056,100012296,12-01-18,1,80,15,15,29-01-18,18-01-18
GH25538030,100015037,23-01-18,1,80,15,15,07-02-18,07-02-18
GH56785851,100015821,27-01-18,4,80,15,15,12-02-18,11-02-18
GH26139148,100017099,04-02-18,2,80,15,15,19-02-18,27-02-18
GH12044261,100014862,23-01-18,2,80,15,15,07-02-18,06-02-18
GH03825373,100012495,13-01-18,1,80,15,15,29-01-18,13-02-18
GH16140997,100014473,20-01-18,4,80,15,15,05-02-18,04-02-18
GH21917111,100017509,06-02-18,4,80,15,15,21-02-18,17-02-18
GH72548249,100015748,27-01-18,2,80,15,15,12-02-18,09-02-18
GH84657758,100018622,13-02-18,2,80,15,15,28-02-18,27-02-18
GH02191438,100016410,31-01-18,4,80,15,15,15-02-18,12-02-18
GH63887800,100016727,02-02-18,2,80,15,15,19-02-18,25-02-18
GH26366776,100011949,11-01-18,1,80,15,15,26-01-18,16-01-18
GH47742294,100010287,01-01-18,3,80,15,15,16-01-18,15-01-18
GH50398055,100013230,15-01-18,4,80,15,15,30-01-18,27-01-18
GH54463289,100014198,19-01-18,1,80,15,15,05-02-18,05-02-18
GH33548869,100017816,08-02-18,5,80,15,15,23-02-18,21-02-18
GH53257816,100016201,30-01-18,4,80,15,15,14-02-18,14-02-18
GH30979353,100011970,11-01-18,1,80,15,15,26-01-18,26-01-18
GH71446879,100015687,26-01-18,2,80,15,15,12-02-18,12-02-18
GH26958108,100018993,15-02-18,2,80,15,15,02-03-18,02-03-18
GH25218149,100015383,25-01-18,5,80,15,15,09-02-18,09-02-18
GH36849122,100015722,27-01-18,1,80,15,15,12-02-18,06-02-18
GH63344119,100019898,20-02-18,4,80,15,15,07-03-18,07-03-18
GH11419942,100016528,01-02-18,2,80,15,15,16-02-18,15-02-18
GH33164754,100014274,19-01-18,5,80,15,15,05-02-18,12-02-18
GH33548869,100011364,09-01-18,3,80,15,15,24-01-18,24-01-18
GH28179321,100016682,02-02-18,5,80,15,15,19-02-18,28-02-18
GH96880686,100012940,14-01-18,1,80,15,15,29-01-18,17-02-18
GH80713260,100017839,08-02-18,4,80,15,15,23-02-18,27-02-18
GH61207133,100018984,15-02-18,4,80,15,15,02-03-18,02-03-18
GH85561382,100016417,31-01-18,3,80,15,15,15-02-18,13-02-18
GH65443774,100017210,05-02-18,6,80,15,15,20-02-18,20-02-18
GH11704484,100012388,12-01-18,3,80,15,15,29-01-18,29-01-18
GH75509875,100015465,25-01-18,1,80,15,15,09-02-18,09-02-18
GH28179321,100011014,06-01-18,4,80,15,15,22-01-18,31-01-18
GH59483030,100017217,05-02-18,5,80,15,15,20-02-18,04-04-18
GH81484333,100012258,12-01-18,1,80,15,15,29-01-18,24-01-18
GH00205281,100016094,29-01-18,2,80,15,15,13-02-18,27-02-18
GH16140997,100010829,04-01-18,3,80,15,15,19-01-18,19-01-18
GH04969435,100019662,19-02-18,6,80,15,15,06-03-18,06-03-18
GH96908526,100013425,16-01-18,3,80,15,15,31-01-18,19-02-18
GH27209571,100015634,26-01-18,5,80,15,15,12-02-18,11-02-18
GH98017512,100016651,02-02-18,1,80,15,15,19-02-18,14-02-18
GH46661689,100014131,19-01-18,3,80,15,15,05-02-18,05-02-18
GH19561717,100018120,10-02-18,1,80,15,15,26-02-18,23-02-18
GH68637137,100015409,25-01-18,1,80,15,15,09-02-18,09-02-18
GH25602476,100014889,23-01-18,1,80,15,15,07-02-18,06-02-18
GH91278408,100017825,08-02-18,2,80,15,15,23-02-18,29-03-18
GH73186284,100012603,13-01-18,1,80,15,15,29-01-18,27-01-18
GH44294596,100012797,14-01-18,2,80,15,15,29-01-18,24-01-18
GH99203754,100011121,07-01-18,2,80,15,15,22-01-18,10-01-18
GH06246073,100011069,06-01-18,4,80,15,15,22-01-18,24-01-18
GH63727524,100015090,23-01-18,1,80,15,15,07-02-18,28-05-18
GH37396334,100015185,24-01-18,2,80,15,15,08-02-18,08-02-18
GH84759681,100012614,13-01-18,1,80,15,15,29-01-18,27-01-18
GH44856685,100014222,19-01-18,4,80,15,15,05-02-18,02-02-18
GH70411308,100010323,01-01-18,2,80,15,15,16-01-18,15-01-18
GH69738820,100016004,29-01-18,1,80,15,15,13-02-18,12-02-18
GH44466372,100010781,04-01-18,2,80,15,15,19-01-18,17-01-18
GH46916389,100015224,24-01-18,4,80,15,15,08-02-18,08-02-18
GH45657328,100016105,29-01-18,5,80,15,15,13-02-18,13-02-18
GH03797882,100016354,31-01-18,1,80,15,15,15-02-18,15-02-18
GH38221962,100013906,18-01-18,5,80,15,15,02-02-18,02-02-18
GH14494106,100010525,03-01-18,2,80,15,15,18-01-18,18-01-18
GH05596552,100018167,10-02-18,5,80,15,15,26-02-18,24-02-18
GH73053338,100017085,04-02-18,1,80,15,15,19-02-18,19-02-18
GH00957556,100012589,13-01-18,1,80,15,15,29-01-18,26-01-18
GH51803552,100019534,18-02-18,6,80,15,15,05-03-18,05-03-18
GH82290691,100013411,16-01-18,5,80,15,15,31-01-18,01-02-18
GH44856685,100016872,02-02-18,5,80,15,15,19-02-18,05-03-18
GH59374898,100012029,11-01-18,2,80,15,15,26-01-18,23-01-18
GH45662021,100011257,08-01-18,1,80,15,15,23-01-18,22-01-18
GH80411093,100016078,29-01-18,3,80,15,15,13-02-18,29-01-18
GH51803552,100013619,16-01-18,4,80,15,15,31-01-18,30-01-18
GH80235933,100011938,11-01-18,2,80,15,15,26-01-18,26-01-18
GH24740548,100018129,10-02-18,1,80,15,15,26-02-18,28-02-18
GH08050804,100013699,17-01-18,4,80,15,15,01-02-18,31-01-18
GH12090274,100015783,27-01-18,1,80,15,15,12-02-18,12-02-18
GH05596552,100014362,20-01-18,4,80,15,15,05-02-18,30-01-18
GH81389500,100011950,11-01-18,1,80,15,15,26-01-18,24-01-18
GH12972845,100010543,03-01-18,2,80,15,15,18-01-18,15-01-18
GH55103900,100016564,01-02-18,3,80,15,15,16-02-18,14-02-18
GH13607443,100017892,08-02-18,5,80,15,15,23-02-18,23-02-18
GH30787200,100015230,24-01-18,1,80,15,15,08-02-18,08-02-18
GH49149221,100017435,06-02-18,5,80,15,15,21-02-18,19-02-18
GH05460103,100016792,02-02-18,1,80,15,15,19-02-18,11-02-18
GH59669870,100019643,19-02-18,4,80,15,15,06-03-18,04-03-18
GH74851235,100019887,20-02-18,3,80,15,15,07-03-18,06-03-18
GH87811290,100011265,08-01-18,2,80,15,15,23-01-18,21-01-18
GH46610651,100019842,20-02-18,2,80,15,15,07-03-18,06-03-18
GH41443131,100010650,03-01-18,1,80,15,15,18-01-18,11-01-18
GH79299768,100016823,02-02-18,2,80,15,15,19-02-18,16-02-18
GH60247976,100016005,29-01-18,3,80,15,15,13-02-18,12-02-18
GH61487467,100012028,11-01-18,4,80,15,15,26-01-18,26-01-18
GH92958716,100017248,05-02-18,5,80,15,15,20-02-18,19-02-18
GH67529775,100017455,06-02-18,2,80,15,15,21-02-18,05-03-18
686128144,3.01785E+11,22-05-18,11,49500,10,60,21-07-18,22-06-18
672963859,302957705,22-03-18,5,49500,10,60,21-05-18,30-03-18
936421926,302775130,13-02-18,2,49500,10,60,15-04-18,13-04-18
686128144,303021822,05-04-18,9,49500,10,60,05-06-18,02-05-18
717911405,302826763,23-02-18,7,49500,10,60,25-04-18,26-03-18
200169952,302858911,01-03-18,8,49500,10,60,30-04-18,05-04-18
686128144,303156871,02-05-18,10,49500,10,60,01-07-18,22-05-18
686128144,302812940,21-02-18,6,49500,10,60,23-04-18,05-03-18
769940937,302720234,01-02-18,22,49500,10,60,03-04-18,03-03-18
491906090,302760645,10-02-18,8,20500,10,60,12-04-18,13-03-18
418252732,302588129,04-01-18,22,41000,10,60,05-03-18,01-02-18
987534954,3.02827E+11,26-11-18,5,20500,20,60,26-01-19,15-01-19
27321344,3.02408E+11,16-09-18,4,20500,20,60,17-11-18,06-11-18
739546510,3.02061E+11,17-07-18,6,20500,20,60,16-09-18,22-12-18
51964302,3.02344E+11,06-09-18,4,20500,20,60,06-11-18,01-12-18
581719506,3.02685E+11,01-11-18,5,20500,20,60,02-01-19,02-01-19
494769212,3.02427E+11,20-09-18,2,20500,20,60,20-11-18,19-11-18
827139420,3.02079E+11,20-07-18,1,20500,20,60,20-09-18,20-08-18
413662547,302842248,27-02-18,22,120000,5,180,29-08-18,26-06-18
926915628,303105156,23-04-18,11,120000,5,180,23-10-18,25-09-18
273615965,302851932,28-02-18,3,120000,5,180,30-08-18,19-08-18
206067092,3.01753E+11,16-05-18,4,120000,10,90,15-08-18,15-08-18
962880828,302803825,19-02-18,1,7500,30,30,21-03-18,23-02-18
480083779,302626524,12-01-18,3,7500,30,30,11-02-18,13-02-18
344155099,302793677,17-02-18,2,7500,30,30,19-03-18,14-03-18
102141899,303114341,24-04-18,1,7500,30,30,26-05-18,26-05-18
26133837,302623360,12-01-18,2,7500,30,30,11-02-18,24-03-18
344195093,3.02052E+11,15-07-18,1,7500,30,30,14-08-18,14-08-18
717368360,3.02213E+11,14-08-18,2,7500,30,30,13-09-18,17-08-18
124189650,302607241,08-01-18,1,7500,30,30,09-02-18,30-03-18
643450202,302696967,27-01-18,1,7500,30,30,26-02-18,01-03-18
61452364,3.02529E+11,06-10-18,2,7500,30,30,05-11-18,14-11-18
872284600,302732236,04-02-18,1,7500,30,30,06-03-18,06-03-18
383789899,302833086,25-02-18,1,7500,30,30,29-03-18,12-04-18
240588571,303056683,13-04-18,2,7500,30,30,13-05-18,11-05-18
339095931,3.02379E+11,12-09-18,2,7500,30,30,12-10-18,31-10-18
91351436,302832471,25-02-18,1,7500,30,30,27-03-18,24-04-18
683225743,3.02072E+11,19-07-18,5,7500,30,30,20-08-18,25-09-18
952956668,3.02182E+11,09-08-18,2,7500,30,30,08-09-18,04-09-18
530961303,302716663,31-01-18,2,7500,30,30,02-03-18,07-03-18
866631249,3.02505E+11,03-10-18,1,7500,30,30,02-11-18,30-10-18
169241090,302773546,13-02-18,1,7500,30,30,15-03-18,27-02-18
974013962,302583090,02-01-18,1,7500,30,30,04-02-18,06-03-18
613853278,3.01904E+11,14-06-18,2,7500,30,30,16-07-18,11-07-18
751741585,303138149,28-04-18,1,7500,30,30,28-05-18,28-07-18
75935783,302585615,03-01-18,2,7500,30,30,02-02-18,28-01-18
821162983,303083401,18-04-18,3,7500,30,30,18-05-18,08-05-18
795344804,302732573,04-02-18,2,7500,30,30,06-03-18,06-03-18
305626699,3.02248E+11,21-08-18,2,7500,30,30,20-09-18,04-10-18
795037780,3.01827E+11,31-05-18,3,7500,30,30,02-07-18,28-06-18
92625651,302741091,06-02-18,2,7500,30,30,08-03-18,24-05-18
811183742,302897677,09-03-18,2,7500,30,30,08-04-18,24-04-18
608303980,302618640,10-01-18,2,7500,30,30,09-02-18,17-06-18
458172778,302629934,13-01-18,1,7500,30,30,12-02-18,09-02-18
446009623,303150836,01-05-18,4,7500,30,30,31-05-18,30-05-18
834372040,302594326,05-01-18,2,7500,30,30,04-02-18,04-02-18
165829910,302694826,26-01-18,1,7500,30,30,25-02-18,25-02-18
597913688,3.02056E+11,16-07-18,7,7500,30,30,15-08-18,14-08-18
897300565,302745081,07-02-18,3,7500,30,30,09-03-18,07-03-18
985959069,302900060,09-03-18,2,7500,30,30,08-04-18,09-04-18
246609350,3.02276E+11,26-08-18,9,7500,30,30,25-09-18,26-08-18
246004336,302930703,16-03-18,3,7500,30,30,15-04-18,01-04-18
576985830,302893272,08-03-18,2,7500,30,30,07-04-18,28-03-18
948299347,302846138,27-02-18,1,7500,30,30,29-03-18,28-02-18
14785142,302827843,23-02-18,1,7500,30,30,26-03-18,05-04-18
182431068,302625317,12-01-18,1,7500,30,30,11-02-18,09-02-18
465143167,3.01964E+11,27-06-18,3,7500,30,30,27-07-18,27-07-18
581512555,302632163,14-01-18,1,7500,30,30,13-02-18,12-02-18
56957893,303009442,03-04-18,6,7500,30,30,03-05-18,03-05-18
316591772,3.02919E+11,12-12-18,1,7500,30,30,11-01-19,14-01-19
449220170,302691867,26-01-18,1,7500,30,30,25-02-18,20-02-18
507362138,302699508,27-01-18,3,7500,30,30,26-02-18,22-02-18
397766949,302739730,06-02-18,1,7500,30,30,08-03-18,03-03-18
597976785,302790728,16-02-18,1,7500,30,30,19-03-18,12-03-18
153064200,302969551,25-03-18,2,7500,30,30,24-04-18,15-04-18
638043477,302816182,21-02-18,1,7500,30,30,23-03-18,01-04-18
811745458,302621288,11-01-18,1,7500,30,30,11-02-18,11-02-18
996512882,302844250,27-02-18,2,7500,30,30,29-03-18,27-03-18
397718724,3.02792E+11,20-11-18,4,15000,15,60,20-01-19,20-12-18
343494445,303190746,08-05-18,2,7500,30,30,07-06-18,03-06-18
489262950,302698247,27-01-18,1,7500,30,30,27-02-18,01-04-18
610780825,302723768,02-02-18,3,7500,30,30,04-03-18,04-03-18
271731449,303063868,14-04-18,2,7500,30,30,14-05-18,07-05-18
556992460,302808044,20-02-18,1,7500,30,30,22-03-18,15-03-18
837435735,302692424,26-01-18,1,7500,30,30,25-02-18,03-03-18
52550940,302864554,02-03-18,2,7500,30,30,01-04-18,01-04-18
96902186,302613991,09-01-18,2,7500,30,30,08-02-18,05-02-18
943138001,302702257,28-01-18,2,7500,30,30,27-02-18,28-02-18
931527895,3.01728E+11,11-05-18,4,7500,30,30,11-06-18,05-06-18
220607228,302770541,12-02-18,1,7500,30,30,16-03-18,09-03-18
445406861,3.01738E+11,14-05-18,2,7500,30,30,13-06-18,31-05-18
180947579,3.02407E+11,16-09-18,1,7500,30,30,16-10-18,26-09-18
516048010,302803737,19-02-18,2,7500,30,30,21-03-18,01-04-18
201624810,303174940,05-05-18,4,7500,30,30,04-06-18,03-06-18
658762253,302644824,17-01-18,1,7500,30,30,16-02-18,16-02-18
8294069,3.02529E+11,07-10-18,2,7500,30,30,06-11-18,06-11-18
812533952,302769939,12-02-18,1,7500,30,30,14-03-18,08-03-18
243041257,302688619,25-01-18,1,7500,30,30,26-02-18,08-06-18
363332293,303022963,05-04-18,3,7500,30,30,05-05-18,05-05-18
925857436,302639299,16-01-18,1,7500,30,30,15-02-18,01-02-18
860516524,3.02573E+11,14-10-18,1,7500,30,30,13-11-18,11-11-18
743197176,302817798,22-02-18,3,7500,30,30,24-03-18,24-03-18
818118272,303006969,02-04-18,6,7500,30,30,02-05-18,25-05-18
142887567,302724839,02-02-18,1,7500,30,30,04-03-18,28-02-18
679454569,3.0294E+11,18-12-18,2,7500,30,30,17-01-19,17-01-19
201404479,3.02851E+11,30-11-18,1,7500,30,30,30-12-18,25-12-18
273104703,3.02397E+11,14-09-18,1,7500,30,30,14-10-18,14-10-18
630308039,302814053,21-02-18,1,7500,30,30,24-03-18,15-03-18
533498921,3.02424E+11,19-09-18,1,7500,30,30,19-10-18,18-12-18
321334320,3.01939E+11,21-06-18,2,7500,30,30,23-07-18,18-07-18
409097950,302595626,05-01-18,2,7500,30,30,04-02-18,31-01-18
977761236,303076705,17-04-18,2,7500,30,30,17-05-18,14-05-18
95194701,303127515,27-04-18,2,7500,30,30,27-05-18,04-06-18
969384370,302647264,17-01-18,1,7500,30,30,17-02-18,01-02-18
376652492,302869222,03-03-18,2,7500,30,30,02-04-18,02-04-18
203874550,302854721,01-03-18,1,7500,30,30,31-03-18,31-03-18
154461223,3.02495E+11,01-10-18,1,7500,30,30,31-10-18,31-10-18
487460260,302865925,02-03-18,2,7500,30,30,01-04-18,29-03-18
383163813,3.02741E+11,11-11-18,1,7500,30,30,11-12-18,17-12-18
700124626,3.02289E+11,28-08-18,8,7500,30,30,27-09-18,27-09-18
267765126,3.02386E+11,13-09-18,1,7500,30,30,13-10-18,13-10-18
356348843,302725162,02-02-18,1,7500,30,30,04-03-18,01-03-18
628568744,302714113,31-01-18,1,7500,30,30,02-03-18,02-03-18
944172894,3.0294E+11,18-12-18,8,7500,30,30,17-01-19,31-12-18
521461298,302670513,22-01-18,1,7500,30,30,21-02-18,19-02-18
168744117,3.02658E+11,28-10-18,1,7500,30,30,27-11-18,08-11-18
692706844,302921272,14-03-18,1,7500,30,30,13-04-18,12-04-18
174909757,302630719,13-01-18,1,7500,30,30,12-02-18,05-02-18
683626820,302856063,01-03-18,2,7500,30,30,31-03-18,04-04-18
435237355,302617947,10-01-18,1,7500,30,30,09-02-18,10-02-18
473301330,3.0228E+11,27-08-18,1,7500,30,30,26-09-18,26-09-18
398153860,302687341,25-01-18,3,7500,30,30,24-02-18,13-02-18
836564384,302821309,22-02-18,1,7500,30,30,24-03-18,20-05-18
524372504,302798812,18-02-18,2,7500,30,30,20-03-18,28-03-18
329242992,302799044,18-02-18,1,7500,30,30,20-03-18,20-03-18
513230372,3.02332E+11,04-09-18,1,7500,30,30,04-10-18,04-10-18
621240534,303048960,11-04-18,2,7500,30,30,11-05-18,06-05-18
63476520,302681572,24-01-18,1,7500,30,30,23-02-18,03-03-18
385040066,302777897,14-02-18,2,7500,30,30,16-03-18,09-03-18
93028153,302652133,18-01-18,1,7500,30,30,17-02-18,07-03-18
428519370,302818201,22-02-18,2,7500,30,30,24-03-18,21-05-18
503556475,3.01757E+11,17-05-18,2,7500,30,30,18-06-18,23-05-18
131407320,302649177,17-01-18,1,7500,30,30,16-02-18,26-03-18
946145307,302769039,12-02-18,2,7500,30,30,14-03-18,14-03-18
864410140,302580724,01-01-18,3,7500,30,30,31-01-18,22-02-18
373307468,302738118,05-02-18,2,7500,30,30,07-03-18,06-03-18
933649085,302602968,07-01-18,1,7500,30,30,06-02-18,06-02-18
740526591,302597695,06-01-18,2,7500,30,30,05-02-18,13-01-18
52831997,302656142,19-01-18,2,7500,30,30,18-02-18,11-02-18
466533579,302614199,10-01-18,2,7500,30,30,09-02-18,09-02-18
538372166,3.02346E+11,06-09-18,1,7500,30,30,06-10-18,08-10-18
235343023,302581861,02-01-18,1,7500,30,30,02-02-18,30-01-18
444161217,302938444,18-03-18,1,7500,30,30,17-04-18,03-07-18
125230857,3.02743E+11,11-11-18,6,7500,30,30,11-12-18,30-11-18
135000586,302720195,01-02-18,1,7500,30,30,03-03-18,10-03-18
8625355,3.02666E+11,29-10-18,2,7500,30,30,28-11-18,28-11-18
640512689,3.0273E+11,09-11-18,1,7500,30,30,09-12-18,09-12-18
929182302,302890974,08-03-18,2,7500,30,30,07-04-18,05-04-18
648928832,302908089,11-03-18,3,7500,30,30,10-04-18,12-04-18
324023767,302603341,07-01-18,1,7500,30,30,06-02-18,03-02-18
922135068,302729549,03-02-18,1,7500,30,30,05-03-18,11-02-18
118717828,302935109,17-03-18,2,7500,30,30,16-04-18,05-04-18
45511403,3.02093E+11,23-07-18,3,7500,30,30,22-08-18,15-08-18
305914500,3.02079E+11,20-07-18,1,7500,30,30,20-08-18,02-11-18
434332650,302803252,19-02-18,1,7500,30,30,21-03-18,29-03-18
82751900,3.02315E+11,01-09-18,2,7500,30,30,02-10-18,27-09-18
253611707,302790823,16-02-18,1,7500,30,30,19-03-18,01-03-18
654506127,302797003,17-02-18,1,7500,30,30,19-03-18,17-03-18
300037755,302897336,09-03-18,2,7500,30,30,08-04-18,01-04-18
696488420,302738992,05-02-18,2,7500,30,30,07-03-18,02-03-18
803350989,3.01919E+11,17-06-18,1,7500,30,30,17-07-18,06-08-18
311159398,3.02686E+11,01-11-18,1,7500,30,30,01-12-18,11-12-18
336062518,3.01814E+11,28-05-18,2,7500,30,30,27-06-18,22-06-18
34794624,302919772,14-03-18,1,7500,30,30,13-04-18,28-03-18
480774726,3.01866E+11,07-06-18,2,7500,30,30,09-07-18,20-07-18
433276298,302601471,07-01-18,1,7500,30,30,06-02-18,15-05-18
308232919,3.02116E+11,27-07-18,2,7500,30,30,26-08-18,24-12-18
621297197,302606540,08-01-18,1,7500,30,30,07-02-18,05-02-18
506186077,302674334,23-01-18,1,7500,30,30,22-02-18,09-02-18
23612840,3.02057E+11,16-07-18,1,7500,30,30,15-08-18,15-08-18
265827270,302628113,13-01-18,4,7500,30,30,12-02-18,29-01-18
293938382,303002239,01-04-18,2,7500,30,30,02-05-18,29-04-18
381992307,302595111,05-01-18,2,7500,30,30,04-02-18,03-02-18
777956613,303042167,10-04-18,3,7500,30,30,10-05-18,08-05-18
756869294,3.02574E+11,14-10-18,1,7500,30,30,13-11-18,01-11-18
215754686,3.01931E+11,20-06-18,2,7500,30,30,20-07-18,18-07-18
624903333,302660434,19-01-18,3,7500,30,30,18-02-18,14-02-18
533179307,3.02043E+11,13-07-18,1,7500,30,30,13-08-18,03-08-18
893024860,303057222,13-04-18,2,7500,30,30,13-05-18,20-05-18
195825980,302876307,05-03-18,3,7500,30,30,04-04-18,28-03-18
77210494,3.02281E+11,27-08-18,1,7500,30,30,26-09-18,25-09-18
865601189,302679785,23-01-18,1,7500,30,30,24-02-18,10-03-18
786997536,302874958,05-03-18,2,7500,30,30,04-04-18,03-04-18
911943862,302644272,17-01-18,1,7500,30,30,16-02-18,14-03-18
756963555,302581852,02-01-18,2,7500,30,30,01-02-18,26-01-18
682856756,302788405,16-02-18,2,7500,30,30,18-03-18,19-03-18
369121703,302830525,24-02-18,1,7500,30,30,26-03-18,03-04-18
563994804,3.02919E+11,12-12-18,2,7500,30,30,11-01-19,11-01-19
239340930,3.02177E+11,08-08-18,5,7500,30,30,07-09-18,18-09-18
734637515,302592887,05-01-18,1,7500,30,30,04-02-18,11-04-18
135010788,3.02351E+11,07-09-18,2,7500,30,30,07-10-18,06-10-18
456094761,302700133,27-01-18,2,7500,30,30,26-02-18,26-02-18
753278107,3.02509E+11,03-10-18,12,7500,30,30,02-11-18,02-11-18
496584701,302682444,24-01-18,1,7500,30,30,23-02-18,26-03-18
382370854,3.01943E+11,22-06-18,2,7500,30,30,23-07-18,02-07-18
2464270,3.01871E+11,08-06-18,1,7500,30,30,09-07-18,01-07-18
804581971,302797183,17-02-18,1,7500,30,30,19-03-18,21-03-18
970983781,303020615,05-04-18,2,7500,30,30,05-05-18,28-04-18
51954414,302919175,14-03-18,1,7500,30,30,13-04-18,22-03-18
454903347,302799696,18-02-18,1,7500,30,30,20-03-18,12-03-18
266639452,302766920,12-02-18,2,7500,30,30,14-03-18,19-04-18
605295651,302702247,28-01-18,1,7500,30,30,27-02-18,02-03-18
970875198,302924369,15-03-18,2,7500,30,30,14-04-18,13-04-18
30211120,302601245,06-01-18,1,7500,30,30,05-02-18,30-01-18
487629300,3.02123E+11,28-07-18,1,7500,30,30,27-08-18,18-10-18
231404741,302727556,03-02-18,1,7500,30,30,05-03-18,20-03-18
638063738,3.02742E+11,11-11-18,1,7500,30,30,11-12-18,11-12-18
483870736,302737604,05-02-18,1,7500,30,30,07-03-18,09-03-18
545571286,3.02024E+11,09-07-18,1,7500,30,30,08-08-18,07-08-18
916499779,302771929,12-02-18,1,7500,30,30,15-03-18,19-03-18
997891172,303201063,09-05-18,5,7500,30,30,08-06-18,20-05-18
289594445,302634363,15-01-18,1,7500,30,30,14-02-18,07-02-18
525836282,302867661,02-03-18,2,7500,30,30,02-04-18,10-04-18
791167645,302630322,13-01-18,1,7500,30,30,12-02-18,12-02-18
115570879,302856366,01-03-18,1,7500,30,30,31-03-18,04-05-18
921757307,302858201,01-03-18,1,7500,30,30,31-03-18,20-03-18
150116520,302595911,05-01-18,6,7500,30,30,04-02-18,30-01-18
588894628,302769761,12-02-18,1,7500,30,30,15-03-18,04-03-18
528080367,302683099,24-01-18,1,7500,30,30,24-02-18,27-02-18
95928169,302736793,05-02-18,1,7500,30,30,07-03-18,07-03-18
708616408,302779341,14-02-18,1,7500,30,30,16-03-18,15-03-18
678871473,302627224,12-01-18,1,7500,30,30,11-02-18,27-02-18
262822262,302719408,01-02-18,1,7500,30,30,03-03-18,08-06-18
239835966,303173218,05-05-18,3,7500,30,30,04-06-18,04-06-18
678096496,3.01733E+11,12-05-18,1,7500,30,30,11-06-18,05-09-18
931865469,3.02878E+11,04-12-18,2,7500,30,30,03-01-19,09-12-18
936896858,3.02487E+11,29-09-18,3,7500,30,30,29-10-18,03-11-18
752369589,302733475,04-02-18,1,7500,30,30,06-03-18,26-02-18
373313076,302882093,06-03-18,2,7500,30,30,05-04-18,31-05-18
887749980,303068162,15-04-18,2,7500,30,30,15-05-18,15-05-18
593898029,302717789,01-02-18,1,7500,30,30,03-03-18,04-03-18
466228212,302866966,02-03-18,2,7500,30,30,01-04-18,04-04-18
444900612,3.02374E+11,11-09-18,1,7500,30,30,11-10-18,23-10-18
233208651,302719040,01-02-18,4,7500,30,30,03-03-18,28-02-18
218831750,302601754,07-01-18,1,7500,30,30,06-02-18,20-09-18
911483364,3.01849E+11,04-06-18,2,7500,30,30,04-07-18,04-07-18
19473702,3.0272E+11,07-11-18,1,7500,30,30,07-12-18,13-12-18
2203003,302861956,02-03-18,5,7500,30,30,01-04-18,04-04-18
381384451,302607397,08-01-18,4,7500,30,30,07-02-18,03-02-18
716287475,3.01769E+11,19-05-18,1,7500,30,30,18-06-18,06-07-18
116001017,302749298,08-02-18,2,7500,30,30,10-03-18,11-04-18
149464877,302827044,23-02-18,1,7500,30,30,25-03-18,23-03-18
159270862,302670010,22-01-18,1,7500,30,30,21-02-18,20-02-18
733899473,302693597,26-01-18,2,7500,30,30,25-02-18,25-02-18
85698169,302825894,23-02-18,1,7500,30,30,25-03-18,04-04-18
150105352,302703342,28-01-18,2,7500,30,30,27-02-18,03-03-18
49670377,302808358,20-02-18,2,7500,30,30,22-03-18,19-03-18
105532494,302601895,07-01-18,1,7500,30,30,06-02-18,26-01-18
402604116,3.02817E+11,24-11-18,3,7500,30,30,24-12-18,25-12-18
959804780,3.01957E+11,25-06-18,2,7500,30,30,25-07-18,03-08-18
644794832,3.0196E+11,26-06-18,1,7500,30,30,26-07-18,28-08-18
800080227,3.02627E+11,23-10-18,23,7500,30,30,22-11-18,22-11-18
381402077,302790467,16-02-18,6,7500,30,30,18-03-18,18-03-18
60681102,302607004,08-01-18,1,7500,30,30,08-02-18,17-02-18
563994804,3.0274E+11,10-11-18,1,7500,30,30,10-12-18,12-12-18
613888989,302843545,27-02-18,1,7500,30,30,29-03-18,09-05-18
752427970,302681910,24-01-18,1,7500,30,30,23-02-18,15-03-18
133530919,302951000,21-03-18,3,7500,30,30,20-04-18,17-05-18
57109870,302584150,02-01-18,1,7500,30,30,01-02-18,01-02-18
384037608,303004216,01-04-18,5,7500,30,30,02-05-18,05-06-18
111663610,302711761,30-01-18,1,7500,30,30,01-03-18,26-02-18
566333164,302827022,23-02-18,1,7500,30,30,25-03-18,30-04-18
925690801,3.01762E+11,17-05-18,1,7500,30,30,18-06-18,26-07-18
885864900,3.02147E+11,02-08-18,3,7500,30,30,01-09-18,18-12-18
756188375,3.02407E+11,16-09-18,3,7500,30,30,16-10-18,20-09-18
788683561,303008388,03-04-18,3,7500,30,30,03-05-18,04-04-18
613011211,302638281,15-01-18,1,7500,30,30,14-02-18,13-02-18
485094186,3.02567E+11,13-10-18,1,7500,30,30,12-11-18,12-11-18
178769260,302769628,12-02-18,1,7500,30,30,14-03-18,06-03-18
548830801,302580542,01-01-18,1,7500,30,30,31-01-18,31-01-18
736684455,302940511,18-03-18,2,7500,30,30,17-04-18,16-04-18
911694676,302713440,31-01-18,1,7500,30,30,02-03-18,02-03-18
709401660,303160998,03-05-18,2,7500,30,30,04-06-18,04-06-18
333723306,3.0288E+11,05-12-18,4,7500,30,30,04-01-19,03-01-19
58921348,302906874,11-03-18,2,7500,30,30,10-04-18,13-04-18
923659303,3.02858E+11,01-12-18,1,7500,30,30,31-12-18,05-12-18
10585622,303182165,07-05-18,3,7500,30,30,06-06-18,04-06-18
971803336,3.02332E+11,04-09-18,2,7500,30,30,04-10-18,25-12-18
667797821,3.02701E+11,04-11-18,1,7500,30,30,04-12-18,12-12-18
865136560,3.02144E+11,01-08-18,1,7500,30,30,31-08-18,18-08-18
790352380,302629868,13-01-18,1,7500,30,30,13-02-18,04-02-18
806778707,302772987,13-02-18,1,7500,30,30,15-03-18,20-03-18
694548846,3.02116E+11,27-07-18,3,7500,30,30,26-08-18,18-09-18
831586836,3.02695E+11,03-11-18,2,7500,30,30,03-12-18,27-11-18
310392593,302920816,14-03-18,1,7500,30,30,14-04-18,04-04-18
724637213,3.02423E+11,19-09-18,1,7500,30,30,19-10-18,15-10-18
304570860,302610894,09-01-18,1,7500,30,30,08-02-18,29-01-18
940148150,302944665,19-03-18,3,7500,30,30,18-04-18,13-04-18
370421949,303019285,05-04-18,3,7500,30,30,05-05-18,28-04-18
862678552,3.02275E+11,25-08-18,1,7500,30,30,24-09-18,09-09-18
925833460,3.02022E+11,09-07-18,1,7500,30,30,08-08-18,08-08-18
732974545,3.0172E+11,10-05-18,4,7500,30,30,11-06-18,11-06-18
775029702,3.02495E+11,01-10-18,2,7500,30,30,31-10-18,31-10-18
296935050,302615571,10-01-18,1,7500,30,30,09-02-18,06-02-18
52142085,3.02711E+11,06-11-18,1,7500,30,30,06-12-18,03-12-18
855736465,3.0191E+11,15-06-18,1,7500,30,30,16-07-18,16-07-18
43896769,3.02527E+11,06-10-18,2,7500,30,30,05-11-18,23-10-18
300885033,302754669,09-02-18,1,7500,30,30,11-03-18,11-03-18
48709465,302597744,06-01-18,4,7500,30,30,05-02-18,03-02-18
916844006,302944076,19-03-18,1,7500,30,30,18-04-18,30-04-18
296666926,3.02139E+11,01-08-18,1,7500,30,30,31-08-18,27-08-18
752913938,302644950,17-01-18,1,7500,30,30,16-02-18,08-02-18
154789461,3.02512E+11,04-10-18,1,7500,30,30,03-11-18,05-10-18
733225958,3.02493E+11,01-10-18,1,7500,30,30,31-10-18,01-11-18
996427843,302635195,15-01-18,2,7500,30,30,14-02-18,14-02-18
397692566,302847656,27-02-18,2,7500,30,30,29-03-18,29-03-18
644365254,302779272,14-02-18,1,7500,30,30,19-03-18,15-07-18
681856915,302794814,17-02-18,2,7500,30,30,19-03-18,15-03-18
647746196,302892853,08-03-18,2,7500,30,30,07-04-18,07-04-18
251882608,3.02347E+11,06-09-18,1,7500,30,30,06-10-18,06-10-18
633866506,302930178,16-03-18,2,7500,30,30,15-04-18,20-06-18
431417489,3.02767E+11,15-11-18,1,7500,30,30,15-12-18,15-12-18
235238750,303001006,31-03-18,3,7500,30,30,30-04-18,27-04-18
643459349,302920282,14-03-18,4,7500,30,30,13-04-18,28-03-18
671400534,302762346,10-02-18,3,7500,30,30,12-03-18,02-03-18
216431638,302638767,15-01-18,2,7500,30,30,15-02-18,26-02-18
335476158,302580485,01-01-18,1,7500,30,30,01-02-18,29-01-18
706319430,302924051,15-03-18,2,7500,30,30,14-04-18,04-04-18
993925098,302898900,09-03-18,2,7500,30,30,08-04-18,12-05-18
639764118,302734314,04-02-18,1,7500,30,30,06-03-18,13-02-18
866299704,302783772,15-02-18,1,7500,30,30,17-03-18,22-03-18
300906418,302855254,01-03-18,1,7500,30,30,31-03-18,03-04-18
181225443,3.02595E+11,17-10-18,1,7500,30,30,16-11-18,09-11-18
25477324,302848736,28-02-18,1,7500,30,30,31-03-18,31-03-18
892337050,302744706,07-02-18,1,7500,30,30,09-03-18,01-03-18
410148533,302721797,01-02-18,1,7500,30,30,03-03-18,03-03-18
152687572,302902930,10-03-18,2,7500,30,30,09-04-18,26-03-18
581161620,302640439,16-01-18,1,7500,30,30,15-02-18,29-01-18
77878173,3.02035E+11,12-07-18,2,7500,30,30,13-08-18,20-08-18
295510220,3.01861E+11,06-06-18,2,7500,30,30,06-07-18,02-07-18
977962940,3.02752E+11,13-11-18,1,7500,30,30,13-12-18,12-12-18
774279040,3.02395E+11,14-09-18,1,7500,30,30,14-10-18,22-10-18
928681165,302709408,30-01-18,1,7500,30,30,01-03-18,23-03-18
774901377,302668894,22-01-18,1,7500,30,30,21-02-18,16-06-18
816427534,3.02233E+11,18-08-18,12,7500,30,30,17-09-18,16-09-18
285646329,302698941,27-01-18,1,7500,30,30,26-02-18,28-02-18
38656199,3.02144E+11,01-08-18,3,7500,30,30,31-08-18,20-08-18
352943986,3.02846E+11,29-11-18,2,7500,30,30,29-12-18,16-01-19
523757445,302708092,29-01-18,1,7500,30,30,02-03-18,02-03-18
387380876,3.02133E+11,31-07-18,3,7500,30,30,30-08-18,03-08-18
390794866,302929329,16-03-18,2,7500,30,30,15-04-18,21-03-18
497107832,3.02721E+11,07-11-18,1,7500,30,30,07-12-18,05-12-18
659689787,302638290,15-01-18,1,7500,30,30,15-02-18,10-02-18
106105286,302705591,29-01-18,1,7500,30,30,01-03-18,05-03-18
386250820,303095149,20-04-18,4,7500,30,30,20-05-18,19-05-18
167464914,302586161,03-01-18,1,7500,30,30,02-02-18,26-03-18
2907613,3.02172E+11,07-08-18,1,7500,30,30,06-09-18,03-09-18
295620961,302709684,30-01-18,1,7500,30,30,01-03-18,28-02-18
720363977,3.0253E+11,07-10-18,7,7500,30,30,06-11-18,29-10-18
73401142,3.01847E+11,04-06-18,2,7500,30,30,04-07-18,03-07-18
863794966,302814392,21-02-18,1,7500,30,30,23-03-18,09-05-18
341471194,3.01725E+11,11-05-18,6,7500,30,30,11-06-18,31-05-18
251418885,3.02808E+11,22-11-18,2,15000,15,60,22-01-19,22-12-18
105426650,302807066,20-02-18,2,7500,30,30,22-03-18,22-04-18
159731561,302926087,15-03-18,2,7500,30,30,14-04-18,14-04-18
837402524,3.02896E+11,08-12-18,2,7500,30,30,07-01-19,11-12-18
36979144,302634044,15-01-18,1,7500,30,30,14-02-18,16-02-18
658048579,302745134,07-02-18,1,7500,30,30,09-03-18,08-03-18
375003450,3.02064E+11,17-07-18,1,7500,30,30,16-08-18,15-08-18
787205753,302879062,05-03-18,4,7500,30,30,04-04-18,30-03-18
662168557,302650272,18-01-18,1,7500,30,30,17-02-18,17-02-18
804330064,3.02175E+11,07-08-18,2,7500,30,30,06-09-18,06-09-18
159945550,3.0259E+11,17-10-18,1,7500,30,30,16-11-18,06-12-18
32311940,3.01994E+11,03-07-18,2,7500,30,30,02-08-18,06-08-18
26980910,302589144,04-01-18,5,7500,30,30,05-02-18,01-02-18
65950448,302852864,28-02-18,1,7500,30,30,30-03-18,30-03-18
746272578,3.02634E+11,24-10-18,2,7500,30,30,23-11-18,23-11-18
966837117,3.01906E+11,14-06-18,1,7500,30,30,16-07-18,13-07-18
466262330,302846873,27-02-18,2,7500,30,30,29-03-18,09-04-18
559474076,302678099,23-01-18,1,7500,30,30,22-02-18,22-02-18
89474693,302703948,29-01-18,5,7500,30,30,28-02-18,28-02-18
559408231,3.02678E+11,31-10-18,1,7500,30,30,30-11-18,29-11-18
532921491,302782101,14-02-18,1,7500,30,30,16-03-18,15-03-18
467371646,302739689,06-02-18,2,7500,30,30,08-03-18,08-03-18
999072271,3.02702E+11,04-11-18,1,7500,30,30,04-12-18,03-12-18
155329831,3.0176E+11,17-05-18,2,7500,30,30,18-06-18,15-06-18
523018039,302645433,17-01-18,1,7500,30,30,16-02-18,20-01-18
675972114,302748398,07-02-18,1,7500,30,30,09-03-18,07-03-18
638130575,3.0228E+11,27-08-18,1,7500,30,30,26-09-18,26-09-18
686558059,3.01983E+11,30-06-18,2,7500,30,30,30-07-18,08-09-18
912290005,302744019,06-02-18,1,7500,30,30,08-03-18,23-05-18
519674353,302587355,03-01-18,3,7500,30,30,02-02-18,02-02-18
550197302,3.02268E+11,24-08-18,1,7500,30,30,23-09-18,23-09-18
892277770,3.02866E+11,03-12-18,3,7500,30,30,02-01-19,22-12-18
657637051,302590779,04-01-18,1,7500,30,30,03-02-18,13-03-18
95603742,302591978,04-01-18,1,7500,30,30,04-02-18,31-01-18
191115740,302657503,19-01-18,2,7500,30,30,18-02-18,22-02-18
490283509,303032116,07-04-18,2,7500,30,30,07-05-18,07-05-18
758179354,302596557,05-01-18,1,7500,30,30,04-02-18,30-01-18
151876969,302786072,15-02-18,1,7500,30,30,17-03-18,21-03-18
37218883,3.02161E+11,05-08-18,1,7500,30,30,04-09-18,30-08-18
251839715,3.02369E+11,10-09-18,1,7500,30,30,10-10-18,24-10-18
844913508,302849384,28-02-18,1,7500,30,30,30-03-18,31-03-18
29861970,3.02102E+11,24-07-18,1,7500,30,30,23-08-18,22-08-18
542575659,302578596,01-01-18,1,7500,30,30,31-01-18,03-01-18
983019636,303000463,31-03-18,2,7500,30,30,30-04-18,04-04-18
736502825,3.02257E+11,23-08-18,2,7500,30,30,22-09-18,22-09-18
705587230,3.02712E+11,06-11-18,2,7500,30,30,06-12-18,03-12-18
68296451,303008698,03-04-18,2,7500,30,30,03-05-18,08-05-18
139420975,302863390,02-03-18,1,7500,30,30,01-04-18,08-10-18
359317700,302729561,03-02-18,1,7500,30,30,05-03-18,05-03-18
31947410,3.01823E+11,30-05-18,2,7500,30,30,29-06-18,25-09-18
413179947,302633278,14-01-18,1,7500,30,30,13-02-18,31-01-18
579986988,302879620,05-03-18,2,7500,30,30,04-04-18,30-03-18
749085876,3.01885E+11,11-06-18,4,7500,30,30,11-07-18,01-09-18
864423882,302708255,29-01-18,1,7500,30,30,01-03-18,27-02-18
49163426,302779934,14-02-18,1,7500,30,30,16-03-18,09-05-18
795005129,302613696,09-01-18,1,7500,30,30,08-02-18,15-01-18
78021788,302916911,13-03-18,2,7500,30,30,12-04-18,14-04-18
499316650,303170697,04-05-18,2,7500,30,30,04-06-18,04-06-18
708286575,3.01913E+11,15-06-18,1,7500,30,30,16-07-18,14-07-18
390134460,302765580,11-02-18,5,7500,30,30,13-03-18,10-03-18
767579830,302671489,22-01-18,4,7500,30,30,21-02-18,21-02-18
166319502,3.02303E+11,30-08-18,3,7500,30,30,29-09-18,03-10-18
995480572,302904418,10-03-18,4,7500,30,30,09-04-18,03-04-18
587493671,3.02526E+11,06-10-18,1,7500,30,30,05-11-18,08-11-18
242797344,302804344,19-02-18,1,7500,30,30,21-03-18,22-03-18
804155857,3.01781E+11,21-05-18,2,7500,30,30,20-06-18,16-06-18
122661501,302817413,22-02-18,1,7500,30,30,24-03-18,24-03-18
826407015,3.02353E+11,07-09-18,12,7500,30,30,07-10-18,18-10-18
178677453,302791534,16-02-18,3,7500,30,30,18-03-18,08-03-18
442398400,302715098,31-01-18,1,7500,30,30,02-03-18,02-03-18
164293607,3.02556E+11,11-10-18,1,7500,30,30,10-11-18,18-10-18
920806253,3.02472E+11,27-09-18,1,7500,30,30,27-10-18,09-11-18
729934026,3.01795E+11,24-05-18,1,7500,30,30,25-06-18,05-07-18
848049110,3.01962E+11,26-06-18,1,7500,30,30,26-07-18,27-07-18
891738385,3.02372E+11,11-09-18,1,7500,30,30,11-10-18,11-10-18
413065560,302922270,14-03-18,1,7500,30,30,13-04-18,09-04-18
121586610,3.02179E+11,08-08-18,3,7500,30,30,07-09-18,27-09-18
368603964,302738935,05-02-18,5,7500,30,30,07-03-18,02-03-18
772703709,302607889,08-01-18,2,7500,30,30,07-02-18,06-02-18
737919983,3.02714E+11,06-11-18,4,7500,30,30,06-12-18,16-11-18
482610334,3.02371E+11,10-09-18,1,7500,30,30,10-10-18,12-11-18
879430322,302643631,16-01-18,1,7500,30,30,15-02-18,09-02-18
492954954,303201761,09-05-18,1,7500,30,30,08-06-18,25-07-18
859200358,302701019,28-01-18,3,7500,30,30,27-02-18,07-03-18
631264575,302600338,06-01-18,1,7500,30,30,05-02-18,29-04-18
738664536,303004277,01-04-18,1,7500,30,30,03-05-18,06-06-18
714415706,3.02896E+11,07-12-18,4,15000,15,60,06-02-19,09-01-19
745141607,3.02228E+11,17-08-18,1,7500,30,30,16-09-18,16-10-18
30829438,302649032,17-01-18,3,7500,30,30,16-02-18,16-02-18
747739008,302752103,08-02-18,1,7500,30,30,13-03-18,13-03-18
12739639,3.01845E+11,03-06-18,5,7500,30,30,03-07-18,02-07-18
112612912,302707674,29-01-18,3,7500,30,30,28-02-18,10-02-18
570857620,302918637,14-03-18,2,7500,30,30,13-04-18,13-04-18
237077059,3.02448E+11,23-09-18,2,7500,30,30,23-10-18,23-10-18
981768947,3.01943E+11,22-06-18,2,7500,30,30,23-07-18,07-07-18
950533500,302651153,18-01-18,2,7500,30,30,17-02-18,17-02-18
391025217,302607817,08-01-18,1,7500,30,30,08-02-18,09-02-18
712496621,3.02516E+11,04-10-18,1,7500,30,30,03-11-18,17-10-18
189301655,3.02566E+11,13-10-18,2,7500,30,30,12-11-18,20-11-18
774788130,303200438,09-05-18,6,7500,30,30,08-06-18,30-05-18
874756930,302885631,07-03-18,2,7500,30,30,06-04-18,17-04-18
706415844,3.02867E+11,03-12-18,7,7500,30,30,02-01-19,30-12-18
620183677,302591220,04-01-18,2,7500,30,30,03-02-18,03-02-18
351491824,302607848,08-01-18,1,7500,30,30,09-02-18,09-05-18
913548727,302710986,30-01-18,1,7500,30,30,01-03-18,19-02-18
238919660,302923409,14-03-18,3,7500,30,30,14-04-18,13-04-18
671136860,3.02827E+11,26-11-18,2,7500,30,30,27-12-18,19-12-18
576830620,302856088,01-03-18,3,7500,30,30,31-03-18,12-07-18
764722086,302931308,16-03-18,2,7500,30,30,15-04-18,10-04-18
586613101,302585527,03-01-18,3,7500,30,30,02-02-18,04-02-18
242227643,3.0188E+11,10-06-18,2,7500,30,30,10-07-18,12-07-18
78093608,3.02729E+11,09-11-18,2,7500,30,30,09-12-18,30-11-18
63243799,302605265,08-01-18,2,7500,30,30,07-02-18,06-02-18
704294322,302631540,14-01-18,1,7500,30,30,13-02-18,05-02-18
144227648,302582780,02-01-18,2,7500,30,30,01-02-18,02-02-18
964510149,302636726,15-01-18,2,7500,30,30,14-02-18,20-01-18
251997198,302772445,13-02-18,1,7500,30,30,15-03-18,14-03-18
899011279,302585439,03-01-18,3,7500,30,30,02-02-18,12-10-18
648637210,3.02788E+11,19-11-18,1,7500,30,30,19-12-18,17-12-18
464788691,302683579,24-01-18,1,7500,30,30,24-02-18,11-02-18
